winning_seat,loser_death_description,halfturns_played,milliseconds_passed,seat_0_lands,seat_1_lands,seat_0_board_size,seat_1_board_size
0,DeathDescription.LIFETOTAL,10,27.68707275390625,3,4,5,1
0,DeathDescription.LIFETOTAL,12,30.488014221191406,6,4,5,4
0,DeathDescription.LIFETOTAL,10,42.83905029296875,5,4,6,4
1,DeathDescription.LIFETOTAL,11,46.260833740234375,3,4,4,7
0,DeathDescription.LIFETOTAL,10,26.506423950195312,5,4,5,4
0,DeathDescription.LIFETOTAL,10,26.678800582885742,4,4,5,4
1,DeathDescription.LIFETOTAL,13,23.602724075317383,4,6,3,6
1,DeathDescription.LIFETOTAL,13,50.7814884185791,5,7,3,5
0,DeathDescription.LIFETOTAL,12,38.912057876586914,5,4,5,4
0,DeathDescription.LIFETOTAL,10,27.857303619384766,6,5,5,3
1,DeathDescription.LIFETOTAL,11,27.930736541748047,6,6,4,6
0,DeathDescription.LIFETOTAL,10,33.43462944030762,5,5,5,4
1,DeathDescription.LIFETOTAL,13,50.7047176361084,6,7,4,5
0,DeathDescription.LIFETOTAL,10,22.962570190429688,3,5,5,4
0,DeathDescription.LIFETOTAL,10,49.43656921386719,4,5,5,4
0,DeathDescription.LIFETOTAL,10,26.422500610351562,6,5,5,4
0,DeathDescription.LIFETOTAL,10,31.55207633972168,5,5,5,3
0,DeathDescription.LIFETOTAL,12,40.73691368103027,5,6,7,3
1,DeathDescription.LIFETOTAL,11,32.523393630981445,4,6,4,5
0,DeathDescription.LIFETOTAL,10,20.00117301940918,4,5,5,4
1,DeathDescription.LIFETOTAL,13,27.829885482788086,3,7,3,4
0,DeathDescription.LIFETOTAL,10,23.1778621673584,5,5,5,4
0,DeathDescription.LIFETOTAL,10,34.30986404418945,3,5,3,4
1,DeathDescription.LIFETOTAL,11,21.901607513427734,3,6,3,4
0,DeathDescription.LIFETOTAL,10,37.81843185424805,4,5,5,4
0,DeathDescription.LIFETOTAL,14,45.04752159118652,6,7,6,6
1,DeathDescription.LIFETOTAL,13,46.5388298034668,3,6,2,6
0,DeathDescription.LIFETOTAL,10,20.108461380004883,6,5,5,2
0,DeathDescription.LIFETOTAL,10,37.058115005493164,5,5,5,0
0,DeathDescription.LIFETOTAL,10,41.242122650146484,6,5,5,3
0,DeathDescription.LIFETOTAL,10,41.872262954711914,4,5,5,2
0,DeathDescription.LIFETOTAL,12,28.453350067138672,6,6,5,5
1,DeathDescription.LIFETOTAL,17,46.27275466918945,7,6,4,8
1,DeathDescription.LIFETOTAL,11,21.813392639160156,4,6,3,6
1,DeathDescription.LIFETOTAL,11,22.65167236328125,6,5,4,6
0,DeathDescription.LIFETOTAL,10,31.37493133544922,6,4,5,4
0,DeathDescription.LIFETOTAL,10,38.524627685546875,5,5,5,4
1,DeathDescription.LIFETOTAL,15,31.88633918762207,6,8,5,5
0,DeathDescription.LIFETOTAL,10,30.314207077026367,6,4,4,3
0,DeathDescription.LIFETOTAL,10,47.45817184448242,5,5,5,4
0,DeathDescription.LIFETOTAL,10,54.86893653869629,3,5,5,3
0,DeathDescription.LIFETOTAL,22,48.06089401245117,7,6,6,4
0,DeathDescription.LIFETOTAL,12,22.609710693359375,6,6,6,4
0,DeathDescription.LIFETOTAL,12,31.44383430480957,5,6,5,4
0,DeathDescription.LIFETOTAL,10,32.0134162902832,6,5,5,4
0,DeathDescription.LIFETOTAL,10,24.828433990478516,5,5,5,3
0,DeathDescription.LIFETOTAL,20,33.19978713989258,5,5,5,0
0,DeathDescription.LIFETOTAL,12,37.22500801086426,7,6,6,4
0,DeathDescription.LIFETOTAL,10,27.337074279785156,6,4,5,5
0,DeathDescription.LIFETOTAL,12,44.39544677734375,6,5,5,4
0,DeathDescription.LIFETOTAL,10,50.01521110534668,5,5,5,4
1,DeathDescription.LIFETOTAL,13,28.672456741333008,3,5,0,4
0,DeathDescription.LIFETOTAL,10,36.949872970581055,6,5,5,3
0,DeathDescription.LIFETOTAL,10,53.93338203430176,5,5,5,4
1,DeathDescription.LIFETOTAL,13,45.464515686035156,6,5,0,5
0,DeathDescription.LIFETOTAL,10,26.62205696105957,6,5,4,4
0,DeathDescription.LIFETOTAL,14,42.3893928527832,6,7,5,5
0,DeathDescription.LIFETOTAL,10,49.7584342956543,6,5,5,4
1,DeathDescription.LIFETOTAL,11,22.47166633605957,2,6,0,4
0,DeathDescription.LIFETOTAL,10,23.79608154296875,6,5,5,2
0,DeathDescription.LIFETOTAL,10,37.34588623046875,4,5,5,3
0,DeathDescription.LIFETOTAL,10,53.78365516662598,5,5,6,4
0,DeathDescription.LIFETOTAL,12,42.983055114746094,6,4,6,4
0,DeathDescription.LIFETOTAL,10,24.760961532592773,6,5,5,3
0,DeathDescription.LIFETOTAL,12,28.612136840820312,7,6,4,3
1,DeathDescription.LIFETOTAL,11,28.023958206176758,6,6,4,5
1,DeathDescription.LIFETOTAL,11,26.750564575195312,5,5,5,6
1,DeathDescription.LIFETOTAL,11,28.851747512817383,2,5,0,5
0,DeathDescription.LIFETOTAL,12,37.628889083862305,5,2,6,0
0,DeathDescription.LIFETOTAL,10,26.34739875793457,5,5,5,4
0,DeathDescription.LIFETOTAL,10,28.859853744506836,3,5,5,5
1,DeathDescription.LIFETOTAL,11,23.02074432373047,6,6,1,6
0,DeathDescription.LIFETOTAL,10,43.88308525085449,6,5,5,2
0,DeathDescription.LIFETOTAL,12,38.48862648010254,7,5,4,4
1,DeathDescription.LIFETOTAL,11,41.05043411254883,5,5,4,5
1,DeathDescription.LIFETOTAL,13,24.22189712524414,5,6,4,5
0,DeathDescription.LIFETOTAL,10,21.19278907775879,6,5,5,2
1,DeathDescription.LIFETOTAL,11,26.44634246826172,6,4,5,5
0,DeathDescription.LIFETOTAL,18,30.453205108642578,7,3,6,0
1,DeathDescription.LIFETOTAL,13,26.027679443359375,5,5,4,5
0,DeathDescription.LIFETOTAL,10,33.41269493103027,5,5,4,4
0,DeathDescription.LIFETOTAL,10,49.0107536315918,3,5,5,5
0,DeathDescription.LIFETOTAL,10,39.656639099121094,4,4,5,4
1,DeathDescription.LIFETOTAL,11,27.199983596801758,4,6,3,4
0,DeathDescription.LIFETOTAL,12,23.195505142211914,5,6,5,0
1,DeathDescription.LIFETOTAL,13,39.50977325439453,5,5,0,6
0,DeathDescription.LIFETOTAL,12,56.82110786437988,7,5,6,0
0,DeathDescription.LIFETOTAL,12,33.95986557006836,4,5,5,4
1,DeathDescription.LIFETOTAL,11,23.266315460205078,6,6,3,5
1,DeathDescription.LIFETOTAL,13,21.726369857788086,3,7,0,6
0,DeathDescription.LIFETOTAL,12,44.98147964477539,4,5,5,1
0,DeathDescription.LIFETOTAL,14,39.8106575012207,3,4,5,0
1,DeathDescription.LIFETOTAL,11,28.378725051879883,6,5,3,4
1,DeathDescription.LIFETOTAL,13,31.570911407470703,5,5,4,5
0,DeathDescription.LIFETOTAL,10,38.504838943481445,4,5,5,2
0,DeathDescription.LIFETOTAL,10,26.51071548461914,4,5,5,2
0,DeathDescription.LIFETOTAL,10,22.736310958862305,4,4,5,3
1,DeathDescription.LIFETOTAL,11,32.24039077758789,6,6,5,4
1,DeathDescription.LIFETOTAL,13,30.902385711669922,3,6,1,5
0,DeathDescription.LIFETOTAL,10,42.08183288574219,5,4,5,3
0,DeathDescription.LIFETOTAL,10,42.01459884643555,4,5,5,1
0,DeathDescription.LIFETOTAL,10,26.69501304626465,5,5,4,1
0,DeathDescription.LIFETOTAL,10,32.55915641784668,4,4,5,2
1,DeathDescription.LIFETOTAL,11,21.924734115600586,4,6,1,6
0,DeathDescription.LIFETOTAL,12,28.57661247253418,4,5,5,5
0,DeathDescription.LIFETOTAL,12,21.778106689453125,7,3,5,3
1,DeathDescription.LIFETOTAL,11,39.1697883605957,4,5,4,5
0,DeathDescription.LIFETOTAL,12,28.508663177490234,4,3,5,4
0,DeathDescription.LIFETOTAL,10,20.548343658447266,6,4,5,3
0,DeathDescription.LIFETOTAL,10,26.27110481262207,5,5,5,5
0,DeathDescription.LIFETOTAL,12,34.148216247558594,7,3,4,3
0,DeathDescription.LIFETOTAL,10,35.86912155151367,4,5,5,3
0,DeathDescription.LIFETOTAL,10,30.16376495361328,6,3,5,3
0,DeathDescription.LIFETOTAL,10,30.74026107788086,6,5,5,4
1,DeathDescription.LIFETOTAL,11,34.543752670288086,5,6,2,4
0,DeathDescription.LIFETOTAL,10,37.84012794494629,6,4,5,4
1,DeathDescription.LIFETOTAL,11,43.98393630981445,4,4,4,5
0,DeathDescription.LIFETOTAL,12,24.146556854248047,7,6,4,3
1,DeathDescription.LIFETOTAL,11,29.25896644592285,6,5,4,6
0,DeathDescription.LIFETOTAL,10,32.53746032714844,5,4,4,4
0,DeathDescription.LIFETOTAL,12,23.990631103515625,7,4,4,5
0,DeathDescription.LIFETOTAL,10,67.413330078125,5,5,5,4
0,DeathDescription.LIFETOTAL,10,44.08144950866699,5,5,4,4
0,DeathDescription.LIFETOTAL,14,36.246538162231445,4,7,5,4
1,DeathDescription.LIFETOTAL,11,32.186269760131836,4,4,2,6
0,DeathDescription.LIFETOTAL,10,32.92036056518555,5,5,5,3
1,DeathDescription.LIFETOTAL,13,50.1859188079834,4,4,4,4
0,DeathDescription.LIFETOTAL,14,51.558494567871094,8,5,5,0
0,DeathDescription.LIFETOTAL,10,34.19303894042969,6,4,4,4
0,DeathDescription.LIFETOTAL,10,25.74324607849121,6,5,5,2
1,DeathDescription.LIFETOTAL,11,21.454572677612305,4,6,4,5
0,DeathDescription.LIFETOTAL,10,25.356054306030273,5,5,5,0
1,DeathDescription.LIFETOTAL,11,49.72505569458008,6,5,5,5
0,DeathDescription.LIFETOTAL,10,21.494150161743164,3,5,5,4
0,DeathDescription.LIFETOTAL,10,46.289682388305664,6,5,4,4
0,DeathDescription.LIFETOTAL,10,39.515018463134766,6,5,5,4
0,DeathDescription.LIFETOTAL,10,26.44491195678711,4,4,5,4
0,DeathDescription.LIFETOTAL,10,47.67012596130371,4,5,5,4
0,DeathDescription.LIFETOTAL,10,26.29542350769043,6,5,5,3
1,DeathDescription.LIFETOTAL,11,28.316259384155273,6,6,4,5
0,DeathDescription.LIFETOTAL,10,19.329309463500977,4,1,5,0
0,DeathDescription.LIFETOTAL,10,30.93433380126953,6,5,5,3
0,DeathDescription.LIFETOTAL,10,47.88684844970703,6,5,5,0
0,DeathDescription.LIFETOTAL,10,32.881975173950195,6,5,5,4
1,DeathDescription.LIFETOTAL,11,27.68850326538086,6,6,4,5
0,DeathDescription.LIFETOTAL,10,31.033992767333984,3,5,5,3
1,DeathDescription.LIFETOTAL,11,30.983924865722656,6,5,5,6
0,DeathDescription.LIFETOTAL,10,34.42788124084473,5,4,5,2
0,DeathDescription.LIFETOTAL,10,20.536422729492188,5,5,4,3
0,DeathDescription.LIFETOTAL,10,25.398731231689453,6,4,4,4
0,DeathDescription.LIFETOTAL,10,27.536630630493164,3,5,5,4
1,DeathDescription.LIFETOTAL,13,27.501821517944336,3,6,0,6
0,DeathDescription.LIFETOTAL,10,20.263195037841797,4,3,6,0
1,DeathDescription.LIFETOTAL,11,33.15877914428711,2,5,2,5
1,DeathDescription.LIFETOTAL,11,54.19731140136719,6,5,4,5
1,DeathDescription.LIFETOTAL,11,21.36993408203125,5,5,5,5
1,DeathDescription.LIFETOTAL,11,33.19668769836426,5,4,1,5
0,DeathDescription.LIFETOTAL,12,33.22601318359375,5,6,5,5
0,DeathDescription.LIFETOTAL,10,43.21932792663574,5,4,5,4
0,DeathDescription.LIFETOTAL,12,31.388521194458008,5,6,5,5
0,DeathDescription.LIFETOTAL,10,37.78433799743652,6,5,4,3
0,DeathDescription.LIFETOTAL,12,28.914213180541992,6,6,6,3
1,DeathDescription.LIFETOTAL,11,30.606508255004883,6,6,4,6
0,DeathDescription.LIFETOTAL,10,22.43328094482422,5,5,5,4
1,DeathDescription.LIFETOTAL,11,25.995492935180664,6,6,5,5
1,DeathDescription.LIFETOTAL,11,40.13538360595703,5,6,5,5
1,DeathDescription.LIFETOTAL,13,25.167226791381836,5,7,3,3
1,DeathDescription.LIFETOTAL,13,33.245086669921875,4,7,2,5
1,DeathDescription.LIFETOTAL,11,44.86894607543945,4,6,4,5
1,DeathDescription.LIFETOTAL,11,26.75318717956543,6,4,0,5
0,DeathDescription.LIFETOTAL,10,27.9693603515625,5,5,6,4
0,DeathDescription.LIFETOTAL,10,21.942853927612305,5,5,5,4
1,DeathDescription.LIFETOTAL,11,23.61774444580078,4,6,4,5
0,DeathDescription.LIFETOTAL,10,24.307966232299805,6,5,5,3
0,DeathDescription.LIFETOTAL,10,30.736207962036133,4,5,5,3
0,DeathDescription.LIFETOTAL,10,25.90799331665039,6,5,5,3
1,DeathDescription.LIFETOTAL,11,34.17658805847168,6,5,4,5
0,DeathDescription.LIFETOTAL,10,30.16972541809082,5,4,5,2
0,DeathDescription.LIFETOTAL,12,39.2155647277832,5,5,5,4
0,DeathDescription.LIFETOTAL,10,53.583383560180664,4,5,5,4
0,DeathDescription.LIFETOTAL,10,41.039228439331055,6,2,5,0
1,DeathDescription.LIFETOTAL,11,42.545318603515625,2,6,4,5
0,DeathDescription.LIFETOTAL,10,19.475460052490234,4,5,5,4
1,DeathDescription.LIFETOTAL,13,32.12141990661621,5,6,5,5
0,DeathDescription.LIFETOTAL,10,32.74822235107422,6,5,5,4
1,DeathDescription.LIFETOTAL,13,29.582500457763672,7,7,3,5
0,DeathDescription.LIFETOTAL,10,25.102615356445312,6,5,6,1
0,DeathDescription.LIFETOTAL,12,41.193485260009766,5,5,5,5
0,DeathDescription.LIFETOTAL,10,26.66020393371582,5,5,4,4
0,DeathDescription.LIFETOTAL,10,39.53266143798828,6,5,5,4
1,DeathDescription.LIFETOTAL,11,43.86544227600098,5,6,4,6
1,DeathDescription.LIFETOTAL,11,40.29107093811035,4,6,3,5
0,DeathDescription.LIFETOTAL,10,21.338939666748047,6,5,5,3
1,DeathDescription.LIFETOTAL,15,26.005268096923828,5,5,3,6
1,DeathDescription.LIFETOTAL,13,35.552263259887695,2,5,2,6
0,DeathDescription.LIFETOTAL,10,43.555259704589844,3,3,5,1
0,DeathDescription.LIFETOTAL,10,21.734237670898438,6,5,6,4
0,DeathDescription.LIFETOTAL,10,20.88475227355957,6,5,4,4
1,DeathDescription.LIFETOTAL,13,26.21769905090332,6,7,3,6
0,DeathDescription.LIFETOTAL,10,39.33882713317871,4,4,5,4
0,DeathDescription.LIFETOTAL,10,30.28273582458496,5,5,5,2
0,DeathDescription.LIFETOTAL,10,25.354623794555664,6,5,5,2
0,DeathDescription.LIFETOTAL,12,23.73981475830078,7,6,5,4
0,DeathDescription.LIFETOTAL,10,34.0886116027832,6,5,5,4
0,DeathDescription.LIFETOTAL,12,35.126447677612305,7,6,5,4
0,DeathDescription.LIFETOTAL,10,32.49645233154297,6,5,4,4
1,DeathDescription.LIFETOTAL,11,28.281688690185547,5,6,2,5
1,DeathDescription.LIFETOTAL,11,50.43959617614746,4,6,4,5
1,DeathDescription.LIFETOTAL,11,22.640228271484375,5,6,4,5
0,DeathDescription.LIFETOTAL,12,27.373552322387695,3,3,5,4
0,DeathDescription.LIFETOTAL,10,26.32904052734375,6,3,4,3
0,DeathDescription.LIFETOTAL,10,37.03117370605469,5,5,5,3
0,DeathDescription.LIFETOTAL,10,26.784658432006836,5,5,4,0
1,DeathDescription.LIFETOTAL,13,36.086320877075195,7,7,5,5
1,DeathDescription.LIFETOTAL,11,27.42457389831543,6,4,0,6
0,DeathDescription.LIFETOTAL,12,33.576011657714844,5,6,5,3
0,DeathDescription.LIFETOTAL,12,22.273540496826172,7,5,4,1
0,DeathDescription.LIFETOTAL,10,27.43053436279297,6,5,4,3
1,DeathDescription.LIFETOTAL,11,25.540828704833984,4,3,0,5
0,DeathDescription.LIFETOTAL,10,43.87831687927246,4,5,5,3
1,DeathDescription.LIFETOTAL,13,30.77244758605957,4,6,5,5
0,DeathDescription.LIFETOTAL,10,32.46259689331055,5,5,6,3
0,DeathDescription.LIFETOTAL,12,33.890485763549805,7,6,3,4
0,DeathDescription.LIFETOTAL,10,32.35793113708496,5,5,5,3
1,DeathDescription.LIFETOTAL,11,32.62138366699219,4,5,2,5
1,DeathDescription.LIFETOTAL,11,43.32733154296875,6,4,6,5
0,DeathDescription.LIFETOTAL,10,26.362895965576172,6,2,5,0
0,DeathDescription.LIFETOTAL,10,30.312776565551758,6,3,4,4
0,DeathDescription.LIFETOTAL,12,30.007362365722656,7,6,5,5
1,DeathDescription.LIFETOTAL,11,26.125431060791016,3,3,0,5
1,DeathDescription.LIFETOTAL,11,21.15941047668457,3,3,2,5
0,DeathDescription.LIFETOTAL,10,32.784461975097656,4,5,5,2
1,DeathDescription.LIFETOTAL,11,28.32961082458496,6,6,4,6
0,DeathDescription.LIFETOTAL,10,25.717973709106445,5,5,5,3
1,DeathDescription.LIFETOTAL,13,23.764371871948242,4,6,0,6
0,DeathDescription.LIFETOTAL,10,44.751882553100586,6,5,5,4
0,DeathDescription.LIFETOTAL,10,26.515722274780273,4,5,5,3
1,DeathDescription.LIFETOTAL,13,44.17109489440918,5,7,0,5
0,DeathDescription.LIFETOTAL,10,42.77682304382324,4,4,5,4
0,DeathDescription.LIFETOTAL,12,34.4541072845459,6,6,6,2
1,DeathDescription.LIFETOTAL,13,40.11082649230957,5,5,5,4
0,DeathDescription.LIFETOTAL,12,22.763490676879883,5,5,6,2
0,DeathDescription.LIFETOTAL,16,33.64872932434082,5,8,5,3
0,DeathDescription.LIFETOTAL,12,59.978485107421875,5,6,6,2
0,DeathDescription.LIFETOTAL,10,32.4862003326416,5,5,5,1
0,DeathDescription.LIFETOTAL,10,27.292251586914062,5,5,5,3
0,DeathDescription.LIFETOTAL,10,21.315574645996094,6,4,5,4
0,DeathDescription.LIFETOTAL,10,29.283761978149414,6,3,5,4
0,DeathDescription.LIFETOTAL,12,23.566007614135742,5,6,5,4
1,DeathDescription.LIFETOTAL,11,46.9365119934082,6,6,4,5
0,DeathDescription.LIFETOTAL,10,20.140886306762695,4,5,5,3
1,DeathDescription.LIFETOTAL,11,27.90522575378418,4,6,1,5
0,DeathDescription.LIFETOTAL,10,28.88655662536621,5,5,6,3
0,DeathDescription.LIFETOTAL,12,38.002967834472656,5,4,6,5
0,DeathDescription.LIFETOTAL,10,26.58557891845703,5,3,5,0
1,DeathDescription.LIFETOTAL,11,54.39901351928711,6,6,3,5
0,DeathDescription.LIFETOTAL,10,21.956920623779297,5,4,5,4
0,DeathDescription.LIFETOTAL,10,31.677961349487305,6,5,5,4
1,DeathDescription.LIFETOTAL,11,28.43761444091797,5,5,5,6
1,DeathDescription.LIFETOTAL,11,44.8760986328125,6,6,4,5
1,DeathDescription.LIFETOTAL,13,29.287099838256836,6,5,6,5
1,DeathDescription.LIFETOTAL,13,28.646469116210938,4,5,3,6
0,DeathDescription.LIFETOTAL,10,41.79644584655762,5,4,5,3
0,DeathDescription.LIFETOTAL,10,33.09011459350586,5,5,5,3
1,DeathDescription.LIFETOTAL,13,31.258821487426758,4,5,3,5
0,DeathDescription.LIFETOTAL,10,26.263952255249023,4,4,5,3
0,DeathDescription.LIFETOTAL,12,22.64714241027832,5,6,5,3
1,DeathDescription.LIFETOTAL,15,53.55548858642578,4,6,4,8
1,DeathDescription.LIFETOTAL,11,22.43804931640625,5,5,4,5
1,DeathDescription.LIFETOTAL,13,23.801088333129883,3,4,2,5
0,DeathDescription.LIFETOTAL,12,23.88167381286621,6,6,5,4
1,DeathDescription.LIFETOTAL,13,35.338401794433594,4,7,4,4
1,DeathDescription.LIFETOTAL,11,26.12924575805664,4,6,4,5
0,DeathDescription.LIFETOTAL,10,26.516437530517578,6,5,4,2
1,DeathDescription.LIFETOTAL,11,21.369218826293945,6,5,3,6
0,DeathDescription.LIFETOTAL,10,28.219223022460938,3,3,5,2
1,DeathDescription.LIFETOTAL,11,43.28203201293945,4,4,0,5
0,DeathDescription.LIFETOTAL,12,22.999286651611328,4,5,4,2
1,DeathDescription.LIFETOTAL,13,26.57794952392578,6,7,2,6
1,DeathDescription.LIFETOTAL,11,39.97516632080078,6,6,3,4
0,DeathDescription.LIFETOTAL,10,29.06346321105957,5,5,5,4
0,DeathDescription.LIFETOTAL,10,26.014328002929688,5,5,5,3
0,DeathDescription.LIFETOTAL,10,26.418209075927734,6,4,6,4
0,DeathDescription.LIFETOTAL,10,26.848554611206055,4,4,5,3
1,DeathDescription.LIFETOTAL,11,43.25580596923828,4,4,4,5
1,DeathDescription.LIFETOTAL,11,21.1942195892334,5,6,4,5
0,DeathDescription.LIFETOTAL,10,45.08471488952637,6,5,5,4
1,DeathDescription.LIFETOTAL,13,27.268171310424805,3,7,0,5
0,DeathDescription.LIFETOTAL,10,38.25664520263672,5,4,5,4
0,DeathDescription.LIFETOTAL,10,47.272443771362305,6,5,6,0
0,DeathDescription.LIFETOTAL,10,40.89927673339844,6,4,5,2
0,DeathDescription.LIFETOTAL,10,44.62003707885742,6,5,4,2
0,DeathDescription.LIFETOTAL,10,21.472454071044922,4,5,5,4
0,DeathDescription.LIFETOTAL,10,21.51346206665039,6,4,6,3
1,DeathDescription.LIFETOTAL,11,21.666526794433594,3,4,1,6
0,DeathDescription.LIFETOTAL,10,53.01952362060547,5,5,5,2
1,DeathDescription.LIFETOTAL,11,38.9552116394043,4,6,4,4
0,DeathDescription.LIFETOTAL,10,30.680418014526367,6,5,5,4
0,DeathDescription.LIFETOTAL,12,21.898984909057617,6,6,4,3
1,DeathDescription.LIFETOTAL,11,59.83591079711914,5,6,3,5
0,DeathDescription.LIFETOTAL,10,57.65271186828613,6,5,5,3
1,DeathDescription.LIFETOTAL,11,27.788877487182617,4,6,4,5
0,DeathDescription.LIFETOTAL,10,20.885467529296875,6,4,4,3
0,DeathDescription.LIFETOTAL,12,35.506248474121094,5,6,5,3
1,DeathDescription.LIFETOTAL,15,31.57949447631836,7,8,5,6
1,DeathDescription.LIFETOTAL,11,27.492761611938477,5,6,5,4
0,DeathDescription.LIFETOTAL,12,27.013778686523438,5,4,5,0
0,DeathDescription.LIFETOTAL,10,56.223392486572266,6,5,4,3
0,DeathDescription.LIFETOTAL,12,24.150371551513672,5,3,5,3
0,DeathDescription.LIFETOTAL,10,22.339344024658203,6,5,4,4
0,DeathDescription.LIFETOTAL,10,34.10696983337402,5,5,5,3
0,DeathDescription.LIFETOTAL,10,37.882328033447266,6,5,5,4
1,DeathDescription.LIFETOTAL,11,32.54270553588867,6,6,3,5
1,DeathDescription.LIFETOTAL,13,34.68608856201172,3,7,0,6
0,DeathDescription.LIFETOTAL,10,29.609203338623047,6,5,5,3
1,DeathDescription.LIFETOTAL,11,22.141218185424805,6,3,3,5
0,DeathDescription.LIFETOTAL,10,41.87917709350586,4,5,5,4
0,DeathDescription.LIFETOTAL,10,26.69215202331543,6,5,4,2
0,DeathDescription.LIFETOTAL,10,42.2666072845459,5,5,5,3
1,DeathDescription.LIFETOTAL,11,32.250165939331055,5,6,3,6
1,DeathDescription.LIFETOTAL,11,26.961565017700195,3,5,0,5
0,DeathDescription.LIFETOTAL,10,37.870168685913086,6,5,6,3
1,DeathDescription.LIFETOTAL,11,28.214216232299805,4,5,3,5
1,DeathDescription.LIFETOTAL,11,22.22466468811035,4,6,4,5
0,DeathDescription.LIFETOTAL,10,28.100967407226562,5,5,5,3
0,DeathDescription.LIFETOTAL,10,27.804136276245117,6,5,4,3
0,DeathDescription.LIFETOTAL,10,37.038326263427734,3,5,4,4
0,DeathDescription.LIFETOTAL,12,33.59532356262207,3,6,5,5
0,DeathDescription.LIFETOTAL,12,35.88056564331055,6,6,6,3
0,DeathDescription.LIFETOTAL,12,33.05673599243164,6,6,5,2
0,DeathDescription.LIFETOTAL,10,24.762630462646484,4,5,6,4
0,DeathDescription.LIFETOTAL,10,27.611255645751953,6,5,4,4
0,DeathDescription.LIFETOTAL,12,49.51000213623047,7,6,5,4
0,DeathDescription.LIFETOTAL,10,43.37501525878906,6,5,4,4
0,DeathDescription.LIFETOTAL,10,25.880098342895508,6,4,5,4
1,DeathDescription.LIFETOTAL,13,29.754161834716797,5,6,4,6
1,DeathDescription.LIFETOTAL,11,28.837203979492188,4,4,4,6
1,DeathDescription.LIFETOTAL,13,30.176162719726562,5,5,2,5
1,DeathDescription.LIFETOTAL,11,29.3581485748291,5,2,5,4
1,DeathDescription.LIFETOTAL,11,28.119802474975586,4,6,1,5
0,DeathDescription.LIFETOTAL,12,36.902666091918945,7,6,6,4
0,DeathDescription.LIFETOTAL,12,26.432514190673828,7,5,5,5
0,DeathDescription.LIFETOTAL,10,30.347347259521484,5,3,5,3
1,DeathDescription.LIFETOTAL,13,32.72557258605957,7,5,2,6
0,DeathDescription.LIFETOTAL,10,50.63319206237793,4,5,5,4
0,DeathDescription.LIFETOTAL,10,42.49119758605957,6,4,5,4
0,DeathDescription.LIFETOTAL,10,42.807817459106445,6,5,5,2
0,DeathDescription.LIFETOTAL,10,41.259050369262695,4,4,5,3
0,DeathDescription.LIFETOTAL,10,58.18796157836914,6,2,4,0
1,DeathDescription.LIFETOTAL,13,35.04371643066406,5,7,0,6
1,DeathDescription.LIFETOTAL,11,20.591259002685547,2,4,0,5
0,DeathDescription.LIFETOTAL,10,35.42160987854004,5,5,6,3
1,DeathDescription.LIFETOTAL,15,48.17056655883789,6,8,3,7
0,DeathDescription.LIFETOTAL,10,32.80901908874512,4,5,4,4
0,DeathDescription.LIFETOTAL,10,50.12965202331543,5,4,5,3
0,DeathDescription.LIFETOTAL,10,37.77575492858887,3,5,5,4
1,DeathDescription.LIFETOTAL,11,26.306629180908203,2,3,0,5
1,DeathDescription.LIFETOTAL,13,44.67916488647461,7,6,4,5
1,DeathDescription.LIFETOTAL,13,50.40144920349121,2,7,0,4
0,DeathDescription.LIFETOTAL,10,53.436994552612305,4,4,5,4
1,DeathDescription.LIFETOTAL,11,53.02572250366211,4,3,1,5
0,DeathDescription.LIFETOTAL,10,32.59444236755371,4,5,5,5
0,DeathDescription.LIFETOTAL,10,41.365861892700195,5,5,4,4
0,DeathDescription.LIFETOTAL,10,24.216890335083008,6,4,4,2
1,DeathDescription.LIFETOTAL,11,38.89107704162598,4,5,3,5
1,DeathDescription.LIFETOTAL,11,26.73625946044922,3,6,1,5
0,DeathDescription.LIFETOTAL,12,22.777318954467773,7,6,3,4
0,DeathDescription.LIFETOTAL,12,24.453163146972656,6,6,6,2
0,DeathDescription.LIFETOTAL,10,37.85252571105957,4,5,6,4
0,DeathDescription.LIFETOTAL,10,20.73049545288086,6,5,4,4
0,DeathDescription.LIFETOTAL,10,18.837928771972656,5,5,4,4
1,DeathDescription.LIFETOTAL,11,44.32344436645508,1,4,0,5
1,DeathDescription.LIFETOTAL,13,44.01516914367676,5,7,3,6
0,DeathDescription.LIFETOTAL,10,26.349544525146484,6,5,5,4
0,DeathDescription.LIFETOTAL,10,32.25207328796387,5,5,5,4
0,DeathDescription.LIFETOTAL,10,29.224157333374023,3,5,5,5
0,DeathDescription.LIFETOTAL,10,26.129961013793945,4,5,5,3
1,DeathDescription.LIFETOTAL,11,27.909040451049805,6,6,4,5
0,DeathDescription.LIFETOTAL,10,31.072139739990234,6,5,4,0
1,DeathDescription.LIFETOTAL,11,36.16595268249512,6,6,4,4
1,DeathDescription.LIFETOTAL,11,29.152631759643555,5,5,4,5
0,DeathDescription.LIFETOTAL,12,28.61332893371582,6,6,6,1
1,DeathDescription.LIFETOTAL,11,23.64039421081543,4,6,4,5
1,DeathDescription.LIFETOTAL,13,31.781911849975586,5,5,0,6
1,DeathDescription.LIFETOTAL,11,53.92813682556152,6,5,3,5
0,DeathDescription.LIFETOTAL,10,31.80098533630371,6,4,6,4
0,DeathDescription.LIFETOTAL,12,21.76642417907715,7,6,5,2
0,DeathDescription.LIFETOTAL,10,28.276443481445312,4,5,5,4
1,DeathDescription.LIFETOTAL,11,47.478675842285156,3,6,2,5
0,DeathDescription.LIFETOTAL,10,51.78046226501465,5,5,6,4
0,DeathDescription.LIFETOTAL,10,25.79784393310547,6,5,4,2
0,DeathDescription.LIFETOTAL,10,26.73816680908203,3,4,5,0
1,DeathDescription.LIFETOTAL,13,30.813932418823242,5,7,3,4
0,DeathDescription.LIFETOTAL,12,27.617931365966797,7,3,4,3
0,DeathDescription.LIFETOTAL,10,19.14834976196289,4,5,5,0
0,DeathDescription.LIFETOTAL,10,44.07954216003418,5,4,4,3
1,DeathDescription.LIFETOTAL,11,21.800518035888672,5,6,4,4
0,DeathDescription.LIFETOTAL,12,23.64182472229004,7,6,5,4
1,DeathDescription.LIFETOTAL,11,28.693675994873047,4,5,5,5
0,DeathDescription.LIFETOTAL,10,33.94889831542969,6,4,5,3
0,DeathDescription.LIFETOTAL,10,36.2391471862793,6,5,4,3
0,DeathDescription.LIFETOTAL,12,34.247636795043945,5,6,7,4
0,DeathDescription.LIFETOTAL,10,28.195858001708984,6,5,6,4
0,DeathDescription.LIFETOTAL,10,52.31928825378418,6,3,5,0
0,DeathDescription.LIFETOTAL,10,42.629241943359375,6,5,4,4
0,DeathDescription.LIFETOTAL,12,28.77640724182129,7,4,5,5
1,DeathDescription.LIFETOTAL,11,27.816057205200195,3,6,4,6
0,DeathDescription.LIFETOTAL,10,27.466297149658203,6,5,6,4
0,DeathDescription.LIFETOTAL,10,37.96958923339844,6,2,5,3
0,DeathDescription.LIFETOTAL,10,27.37593650817871,6,4,5,4
0,DeathDescription.LIFETOTAL,12,28.580904006958008,6,5,4,2
0,DeathDescription.LIFETOTAL,10,34.325361251831055,3,5,4,4
1,DeathDescription.LIFETOTAL,11,32.88006782531738,5,6,4,5
1,DeathDescription.LIFETOTAL,11,37.92405128479004,5,6,4,5
0,DeathDescription.LIFETOTAL,12,38.727521896362305,5,6,6,3
0,DeathDescription.LIFETOTAL,10,33.12230110168457,5,5,4,3
1,DeathDescription.LIFETOTAL,13,23.45895767211914,6,7,2,5
0,DeathDescription.LIFETOTAL,14,31.734943389892578,8,6,6,3
1,DeathDescription.LIFETOTAL,11,20.519018173217773,4,5,0,5
0,DeathDescription.LIFETOTAL,10,26.2908935546875,6,5,4,4
0,DeathDescription.LIFETOTAL,10,26.587486267089844,6,5,4,4
0,DeathDescription.LIFETOTAL,10,33.535003662109375,6,5,6,4
0,DeathDescription.LIFETOTAL,10,31.23617172241211,5,4,4,3
0,DeathDescription.LIFETOTAL,10,27.77385711669922,5,5,5,0
0,DeathDescription.LIFETOTAL,10,33.467769622802734,5,5,5,4
0,DeathDescription.LIFETOTAL,10,21.8198299407959,6,5,5,4
0,DeathDescription.LIFETOTAL,12,30.161619186401367,6,6,7,3
0,DeathDescription.LIFETOTAL,12,39.91198539733887,6,6,6,4
0,DeathDescription.LIFETOTAL,10,21.593570709228516,5,5,6,3
0,DeathDescription.LIFETOTAL,10,31.92138671875,6,5,5,3
1,DeathDescription.LIFETOTAL,11,27.66561508178711,6,5,0,5
0,DeathDescription.LIFETOTAL,12,35.09044647216797,6,3,5,2
1,DeathDescription.LIFETOTAL,11,43.448448181152344,4,6,0,5
0,DeathDescription.LIFETOTAL,10,33.774375915527344,5,5,5,4
1,DeathDescription.LIFETOTAL,11,32.776594161987305,5,6,4,5
1,DeathDescription.LIFETOTAL,11,54.337263107299805,5,3,4,5
0,DeathDescription.LIFETOTAL,12,20.815134048461914,4,3,4,2
1,DeathDescription.LIFETOTAL,11,22.85480499267578,6,6,4,5
0,DeathDescription.LIFETOTAL,12,27.461528778076172,6,3,5,0
1,DeathDescription.LIFETOTAL,11,50.13275146484375,4,6,4,5
0,DeathDescription.LIFETOTAL,10,26.985883712768555,3,5,5,4
0,DeathDescription.LIFETOTAL,10,26.328563690185547,6,5,5,5
0,DeathDescription.LIFETOTAL,10,25.768280029296875,6,5,4,3
0,DeathDescription.LIFETOTAL,10,54.45742607116699,4,5,5,3
0,DeathDescription.LIFETOTAL,10,30.7466983795166,4,4,5,2
1,DeathDescription.LIFETOTAL,11,21.59428596496582,6,5,4,5
0,DeathDescription.LIFETOTAL,10,27.18377113342285,4,5,5,2
0,DeathDescription.LIFETOTAL,12,50.95362663269043,5,4,5,0
0,DeathDescription.LIFETOTAL,10,20.23625373840332,2,5,5,4
0,DeathDescription.LIFETOTAL,10,20.906925201416016,4,5,5,4
1,DeathDescription.LIFETOTAL,11,25.498628616333008,4,4,4,6
0,DeathDescription.LIFETOTAL,10,37.665605545043945,6,4,5,4
0,DeathDescription.LIFETOTAL,10,29.344797134399414,4,4,5,4
0,DeathDescription.LIFETOTAL,12,37.22119331359863,5,6,5,3
0,DeathDescription.LIFETOTAL,10,20.67732810974121,6,5,3,2
1,DeathDescription.LIFETOTAL,11,33.63370895385742,6,5,4,5
0,DeathDescription.LIFETOTAL,12,34.23428535461426,6,4,5,0
1,DeathDescription.LIFETOTAL,13,28.98406982421875,3,5,0,5
0,DeathDescription.LIFETOTAL,12,29.68573570251465,5,6,6,3
0,DeathDescription.LIFETOTAL,10,48.7520694732666,4,5,5,4
1,DeathDescription.LIFETOTAL,11,20.88785171508789,6,5,1,5
0,DeathDescription.LIFETOTAL,12,32.891035079956055,6,4,7,4
1,DeathDescription.LIFETOTAL,11,26.378631591796875,2,4,4,4
1,DeathDescription.LIFETOTAL,11,30.74049949645996,4,6,4,4
0,DeathDescription.LIFETOTAL,10,23.673534393310547,4,5,5,4
0,DeathDescription.LIFETOTAL,12,39.72935676574707,5,6,5,5
0,DeathDescription.LIFETOTAL,14,33.998727798461914,5,4,5,3
0,DeathDescription.LIFETOTAL,10,32.441139221191406,4,2,5,0
1,DeathDescription.LIFETOTAL,11,27.19879150390625,5,5,5,5
1,DeathDescription.LIFETOTAL,11,27.25362777709961,3,6,4,5
0,DeathDescription.LIFETOTAL,12,23.187875747680664,5,5,5,3
0,DeathDescription.LIFETOTAL,12,40.88020324707031,5,6,5,3
0,DeathDescription.LIFETOTAL,10,42.81020164489746,6,5,4,5
0,DeathDescription.LIFETOTAL,10,32.84430503845215,5,5,5,5
0,DeathDescription.LIFETOTAL,14,39.95561599731445,4,7,5,4
0,DeathDescription.LIFETOTAL,10,33.58125686645508,4,4,5,2
1,DeathDescription.LIFETOTAL,11,38.37251663208008,5,6,3,5
0,DeathDescription.LIFETOTAL,10,42.71888732910156,4,5,5,4
1,DeathDescription.LIFETOTAL,13,34.89089012145996,4,6,3,6
0,DeathDescription.LIFETOTAL,10,49.28898811340332,6,1,5,0
0,DeathDescription.LIFETOTAL,10,23.848295211791992,5,2,6,3
0,DeathDescription.LIFETOTAL,10,33.04719924926758,5,5,5,4
0,DeathDescription.LIFETOTAL,12,40.74454307556152,6,6,5,4
1,DeathDescription.LIFETOTAL,11,23.81300926208496,4,4,4,5
0,DeathDescription.LIFETOTAL,10,33.013105392456055,5,4,6,4
0,DeathDescription.LIFETOTAL,10,42.12355613708496,5,5,5,4
0,DeathDescription.LIFETOTAL,10,43.653011322021484,5,5,6,4
1,DeathDescription.LIFETOTAL,13,21.548986434936523,5,5,0,5
0,DeathDescription.LIFETOTAL,10,26.298046112060547,4,5,5,3
1,DeathDescription.LIFETOTAL,11,22.316694259643555,5,6,4,5
1,DeathDescription.LIFETOTAL,13,33.795833587646484,7,7,3,5
1,DeathDescription.LIFETOTAL,11,29.956817626953125,5,5,4,6
0,DeathDescription.LIFETOTAL,10,36.54217720031738,3,5,3,4
0,DeathDescription.LIFETOTAL,12,29.074430465698242,6,5,6,4
1,DeathDescription.LIFETOTAL,11,37.12868690490723,4,6,2,4
0,DeathDescription.LIFETOTAL,10,28.725385665893555,4,5,6,3
1,DeathDescription.LIFETOTAL,11,33.28752517700195,5,6,0,5
1,DeathDescription.LIFETOTAL,11,30.06744384765625,6,6,4,6
0,DeathDescription.LIFETOTAL,10,48.211097717285156,5,5,5,3
0,DeathDescription.LIFETOTAL,10,27.35614776611328,4,4,6,4
0,DeathDescription.LIFETOTAL,10,31.671524047851562,6,4,5,4
1,DeathDescription.LIFETOTAL,11,27.392864227294922,5,6,3,5
1,DeathDescription.LIFETOTAL,13,32.190561294555664,6,7,3,5
1,DeathDescription.LIFETOTAL,13,49.64327812194824,4,4,0,7
1,DeathDescription.LIFETOTAL,11,29.247045516967773,5,6,4,5
0,DeathDescription.LIFETOTAL,10,45.20916938781738,4,4,5,4
0,DeathDescription.LIFETOTAL,10,24.341344833374023,3,5,5,3
1,DeathDescription.LIFETOTAL,11,34.331560134887695,6,6,3,5
0,DeathDescription.LIFETOTAL,12,39.26801681518555,7,6,5,6
1,DeathDescription.LIFETOTAL,11,31.603097915649414,4,6,3,5
0,DeathDescription.LIFETOTAL,10,42.47331619262695,4,3,5,4
1,DeathDescription.LIFETOTAL,13,33.51187705993652,3,6,0,6
1,DeathDescription.LIFETOTAL,11,44.83795166015625,6,6,3,4
0,DeathDescription.LIFETOTAL,10,33.3707332611084,4,5,5,2
1,DeathDescription.LIFETOTAL,11,32.32288360595703,6,3,4,5
0,DeathDescription.LIFETOTAL,12,28.009891510009766,5,5,6,6
0,DeathDescription.LIFETOTAL,10,20.863056182861328,5,4,5,5
0,DeathDescription.LIFETOTAL,10,28.203248977661133,5,5,5,3
1,DeathDescription.LIFETOTAL,15,53.08961868286133,4,6,4,5
0,DeathDescription.LIFETOTAL,10,32.56034851074219,6,5,4,3
1,DeathDescription.LIFETOTAL,11,33.8749885559082,6,6,3,5
1,DeathDescription.LIFETOTAL,11,29.460668563842773,6,6,3,6
0,DeathDescription.LIFETOTAL,12,34.177541732788086,6,6,6,4
0,DeathDescription.LIFETOTAL,10,21.887779235839844,6,4,4,4
0,DeathDescription.LIFETOTAL,10,26.938676834106445,4,5,5,3
0,DeathDescription.LIFETOTAL,10,26.994943618774414,6,5,4,4
1,DeathDescription.LIFETOTAL,11,29.18386459350586,5,6,2,6
1,DeathDescription.LIFETOTAL,13,37.81867027282715,7,4,3,6
1,DeathDescription.LIFETOTAL,11,29.569387435913086,4,6,4,6
1,DeathDescription.LIFETOTAL,11,29.181718826293945,6,5,4,6
0,DeathDescription.LIFETOTAL,10,48.17056655883789,5,5,5,4
0,DeathDescription.LIFETOTAL,10,21.024703979492188,6,5,5,3
1,DeathDescription.LIFETOTAL,11,20.94888687133789,5,6,3,6
0,DeathDescription.LIFETOTAL,10,32.32431411743164,6,5,5,3
0,DeathDescription.LIFETOTAL,10,37.72926330566406,5,4,6,4
0,DeathDescription.LIFETOTAL,10,33.20121765136719,6,5,4,5
0,DeathDescription.LIFETOTAL,10,31.55350685119629,6,4,4,3
0,DeathDescription.LIFETOTAL,10,43.332576751708984,4,5,5,4
0,DeathDescription.LIFETOTAL,10,27.105093002319336,6,5,6,4
0,DeathDescription.LIFETOTAL,12,33.270835876464844,5,6,5,3
0,DeathDescription.LIFETOTAL,10,20.399093627929688,6,5,5,1
0,DeathDescription.LIFETOTAL,10,44.12961006164551,6,4,5,3
0,DeathDescription.LIFETOTAL,12,22.5982666015625,7,6,6,4
0,DeathDescription.LIFETOTAL,10,28.072357177734375,4,5,5,4
1,DeathDescription.LIFETOTAL,11,32.3789119720459,2,6,3,5
1,DeathDescription.LIFETOTAL,11,44.02971267700195,6,4,3,5
1,DeathDescription.LIFETOTAL,11,26.978254318237305,4,3,4,5
1,DeathDescription.LIFETOTAL,11,26.9777774810791,4,6,4,4
0,DeathDescription.LIFETOTAL,10,26.377439498901367,6,4,4,4
0,DeathDescription.LIFETOTAL,12,36.31711006164551,7,6,5,4
0,DeathDescription.LIFETOTAL,10,23.946046829223633,5,5,5,4
1,DeathDescription.LIFETOTAL,11,30.010700225830078,6,4,3,5
0,DeathDescription.LIFETOTAL,10,28.73682975769043,6,4,5,3
0,DeathDescription.LIFETOTAL,10,30.12228012084961,6,5,5,3
1,DeathDescription.LIFETOTAL,11,23.505687713623047,3,5,4,5
0,DeathDescription.LIFETOTAL,10,24.16682243347168,4,4,6,3
0,DeathDescription.LIFETOTAL,10,30.897855758666992,5,5,5,4
0,DeathDescription.LIFETOTAL,10,41.50724411010742,6,5,5,3
1,DeathDescription.LIFETOTAL,11,30.643701553344727,6,5,4,5
0,DeathDescription.LIFETOTAL,10,35.1870059967041,5,5,6,4
1,DeathDescription.LIFETOTAL,11,35.80188751220703,3,5,2,4
0,DeathDescription.LIFETOTAL,10,35.741567611694336,6,3,6,3
0,DeathDescription.LIFETOTAL,10,29.213428497314453,6,5,5,2
1,DeathDescription.LIFETOTAL,11,25.46525001525879,4,5,4,4
0,DeathDescription.LIFETOTAL,10,24.500370025634766,6,5,4,5
0,DeathDescription.LIFETOTAL,10,45.291900634765625,5,5,5,2
0,DeathDescription.LIFETOTAL,12,24.281740188598633,5,6,6,4
1,DeathDescription.LIFETOTAL,11,22.369861602783203,6,5,4,5
0,DeathDescription.LIFETOTAL,10,31.829118728637695,5,5,5,1
1,DeathDescription.LIFETOTAL,13,46.80132865905762,5,7,5,5
0,DeathDescription.LIFETOTAL,10,36.638498306274414,5,3,5,1
0,DeathDescription.LIFETOTAL,10,41.9468879699707,4,5,5,4
1,DeathDescription.LIFETOTAL,11,44.39496994018555,5,6,4,5
1,DeathDescription.LIFETOTAL,11,54.87680435180664,6,6,4,5
0,DeathDescription.LIFETOTAL,10,20.239830017089844,4,3,5,0
1,DeathDescription.LIFETOTAL,11,32.69338607788086,4,2,4,5
0,DeathDescription.LIFETOTAL,12,35.986900329589844,7,3,5,3
0,DeathDescription.LIFETOTAL,10,20.45726776123047,6,5,4,3
1,DeathDescription.LIFETOTAL,11,28.965473175048828,5,6,6,5
1,DeathDescription.LIFETOTAL,11,30.192852020263672,1,4,0,6
1,DeathDescription.LIFETOTAL,11,45.3951358795166,3,6,3,5
1,DeathDescription.LIFETOTAL,11,43.96414756774902,5,6,4,5
0,DeathDescription.LIFETOTAL,10,47.24860191345215,6,5,4,4
0,DeathDescription.LIFETOTAL,12,35.26759147644043,6,6,6,5
0,DeathDescription.LIFETOTAL,10,43.42484474182129,6,5,4,3
0,DeathDescription.LIFETOTAL,10,43.077945709228516,5,2,4,4
0,DeathDescription.LIFETOTAL,12,28.992414474487305,7,6,5,4
1,DeathDescription.LIFETOTAL,25,44.33631896972656,8,10,5,7
1,DeathDescription.LIFETOTAL,13,35.79211235046387,6,7,3,4
0,DeathDescription.LIFETOTAL,10,57.79385566711426,5,5,5,4
0,DeathDescription.LIFETOTAL,10,43.37573051452637,6,4,5,3
1,DeathDescription.LIFETOTAL,11,22.645235061645508,5,5,4,5
1,DeathDescription.LIFETOTAL,11,33.79702568054199,5,6,4,6
0,DeathDescription.LIFETOTAL,12,52.351951599121094,6,6,5,5
0,DeathDescription.LIFETOTAL,10,42.79065132141113,6,5,5,3
1,DeathDescription.LIFETOTAL,11,35.75921058654785,6,6,5,4
0,DeathDescription.LIFETOTAL,12,56.75244331359863,5,6,5,6
1,DeathDescription.LIFETOTAL,11,29.23583984375,6,6,4,5
1,DeathDescription.LIFETOTAL,11,28.48076820373535,5,5,5,5
1,DeathDescription.LIFETOTAL,11,23.508548736572266,6,6,3,5
0,DeathDescription.LIFETOTAL,10,36.15880012512207,4,5,5,5
1,DeathDescription.LIFETOTAL,13,27.90212631225586,6,4,3,5
0,DeathDescription.LIFETOTAL,12,28.818607330322266,3,5,4,3
1,DeathDescription.LIFETOTAL,11,24.972200393676758,6,5,4,6
0,DeathDescription.LIFETOTAL,10,28.893709182739258,4,5,5,4
0,DeathDescription.LIFETOTAL,10,22.868633270263672,4,4,6,3
0,DeathDescription.LIFETOTAL,10,32.23562240600586,5,5,5,3
0,DeathDescription.LIFETOTAL,10,39.365291595458984,4,5,5,3
1,DeathDescription.LIFETOTAL,11,29.880523681640625,6,6,3,5
0,DeathDescription.LIFETOTAL,10,22.836923599243164,4,5,5,3
1,DeathDescription.LIFETOTAL,11,30.00330924987793,5,5,4,6
1,DeathDescription.LIFETOTAL,13,28.078079223632812,6,5,3,6
0,DeathDescription.LIFETOTAL,10,23.42844009399414,4,4,5,3
1,DeathDescription.LIFETOTAL,11,25.653362274169922,4,6,4,5
1,DeathDescription.LIFETOTAL,11,32.976627349853516,5,5,0,5
0,DeathDescription.LIFETOTAL,14,57.88683891296387,3,4,5,4
1,DeathDescription.LIFETOTAL,15,28.242826461791992,3,8,4,4
0,DeathDescription.LIFETOTAL,10,37.43791580200195,6,5,5,3
0,DeathDescription.LIFETOTAL,10,21.136760711669922,5,4,6,4
0,DeathDescription.LIFETOTAL,10,21.525859832763672,6,5,5,4
1,DeathDescription.LIFETOTAL,11,60.428619384765625,5,6,4,6
0,DeathDescription.LIFETOTAL,10,21.875619888305664,4,3,5,4
0,DeathDescription.LIFETOTAL,12,21.630287170410156,7,6,5,4
0,DeathDescription.LIFETOTAL,10,38.63978385925293,5,5,5,4
0,DeathDescription.LIFETOTAL,10,32.927513122558594,6,5,5,2
0,DeathDescription.LIFETOTAL,10,20.213842391967773,3,4,5,5
1,DeathDescription.LIFETOTAL,11,34.13963317871094,6,5,5,4
1,DeathDescription.LIFETOTAL,11,63.929080963134766,6,6,0,5
1,DeathDescription.LIFETOTAL,11,29.048919677734375,2,6,3,6
0,DeathDescription.LIFETOTAL,10,27.251720428466797,6,4,5,4
0,DeathDescription.LIFETOTAL,10,41.58830642700195,6,4,5,3
0,DeathDescription.LIFETOTAL,10,38.129329681396484,4,4,4,3
1,DeathDescription.LIFETOTAL,11,42.96731948852539,4,6,1,5
0,DeathDescription.LIFETOTAL,10,26.636123657226562,3,5,5,4
0,DeathDescription.LIFETOTAL,10,35.684823989868164,5,5,6,4
0,DeathDescription.LIFETOTAL,10,28.783798217773438,6,5,4,4
0,DeathDescription.LIFETOTAL,10,27.795791625976562,5,5,6,3
1,DeathDescription.LIFETOTAL,11,24.676084518432617,4,4,5,7
0,DeathDescription.LIFETOTAL,10,36.1478328704834,4,5,5,3
1,DeathDescription.LIFETOTAL,11,29.512882232666016,3,6,3,5
0,DeathDescription.LIFETOTAL,10,23.72288703918457,6,5,5,5
1,DeathDescription.LIFETOTAL,11,31.603336334228516,4,6,0,6
0,DeathDescription.LIFETOTAL,10,48.39658737182617,4,4,5,3
1,DeathDescription.LIFETOTAL,13,35.741329193115234,5,7,4,4
0,DeathDescription.LIFETOTAL,10,32.19795227050781,4,5,5,3
0,DeathDescription.LIFETOTAL,10,31.955718994140625,6,5,5,3
0,DeathDescription.LIFETOTAL,10,32.97710418701172,6,4,5,4
0,DeathDescription.LIFETOTAL,10,38.13672065734863,6,5,4,3
0,DeathDescription.LIFETOTAL,10,25.246620178222656,6,4,4,0
0,DeathDescription.LIFETOTAL,10,27.78315544128418,5,5,5,3
0,DeathDescription.LIFETOTAL,10,39.10517692565918,5,5,5,3
1,DeathDescription.LIFETOTAL,13,26.465415954589844,4,7,4,5
0,DeathDescription.LIFETOTAL,18,37.454843521118164,8,6,7,5
0,DeathDescription.LIFETOTAL,10,42.09709167480469,4,4,5,3
1,DeathDescription.LIFETOTAL,11,33.5080623626709,4,5,2,6
1,DeathDescription.LIFETOTAL,11,21.25716209411621,5,6,0,6
1,DeathDescription.LIFETOTAL,13,24.199962615966797,5,7,2,5
0,DeathDescription.LIFETOTAL,12,34.47222709655762,4,6,5,3
1,DeathDescription.LIFETOTAL,11,28.345108032226562,6,6,5,4
1,DeathDescription.LIFETOTAL,11,22.84550666809082,4,6,4,5
0,DeathDescription.LIFETOTAL,12,30.167818069458008,7,4,5,5
0,DeathDescription.LIFETOTAL,10,31.404733657836914,6,5,4,4
0,DeathDescription.LIFETOTAL,10,39.77084159851074,3,5,4,3
1,DeathDescription.LIFETOTAL,11,22.18461036682129,6,5,5,5
0,DeathDescription.LIFETOTAL,10,42.35577583312988,5,4,4,3
1,DeathDescription.LIFETOTAL,11,26.743650436401367,5,6,4,5
1,DeathDescription.LIFETOTAL,11,39.08729553222656,6,5,4,5
0,DeathDescription.LIFETOTAL,10,26.783227920532227,6,5,5,4
1,DeathDescription.LIFETOTAL,11,36.630868911743164,4,6,4,5
0,DeathDescription.LIFETOTAL,10,26.74126625061035,4,5,5,3
0,DeathDescription.LIFETOTAL,14,37.80198097229004,6,7,7,5
0,DeathDescription.LIFETOTAL,14,39.23845291137695,4,6,5,4
1,DeathDescription.LIFETOTAL,13,35.95256805419922,4,7,4,6
0,DeathDescription.LIFETOTAL,10,26.401996612548828,6,4,5,4
0,DeathDescription.LIFETOTAL,10,52.10399627685547,5,5,4,3
0,DeathDescription.LIFETOTAL,10,31.522750854492188,4,2,5,2
1,DeathDescription.LIFETOTAL,11,27.33635902404785,6,6,4,5
1,DeathDescription.LIFETOTAL,11,22.391557693481445,6,6,4,5
0,DeathDescription.LIFETOTAL,10,25.022268295288086,4,5,4,4
0,DeathDescription.LIFETOTAL,10,38.02347183227539,6,5,5,2
0,DeathDescription.LIFETOTAL,10,27.152299880981445,6,5,4,4
1,DeathDescription.LIFETOTAL,13,28.900623321533203,2,6,0,5
0,DeathDescription.LIFETOTAL,10,38.82026672363281,5,5,4,4
0,DeathDescription.LIFETOTAL,10,26.930809020996094,5,5,6,4
0,DeathDescription.LIFETOTAL,10,27.556896209716797,6,5,5,5
0,DeathDescription.LIFETOTAL,10,20.014286041259766,5,5,5,1
0,DeathDescription.LIFETOTAL,10,41.0919189453125,5,5,5,3
0,DeathDescription.LIFETOTAL,10,22.854089736938477,5,4,5,0
0,DeathDescription.LIFETOTAL,10,28.42855453491211,6,5,4,4
0,DeathDescription.LIFETOTAL,10,22.372722625732422,3,4,5,3
0,DeathDescription.LIFETOTAL,10,48.815011978149414,5,5,5,1
0,DeathDescription.LIFETOTAL,10,33.06269645690918,5,5,5,4
1,DeathDescription.LIFETOTAL,11,23.187637329101562,4,6,4,5
0,DeathDescription.LIFETOTAL,10,41.81933403015137,5,5,6,2
0,DeathDescription.LIFETOTAL,10,29.595613479614258,4,5,5,4
0,DeathDescription.LIFETOTAL,10,32.81283378601074,6,5,5,4
0,DeathDescription.LIFETOTAL,10,21.1944580078125,6,5,3,5
1,DeathDescription.LIFETOTAL,17,33.05387496948242,8,8,3,7
0,DeathDescription.LIFETOTAL,10,34.60288047790527,6,5,5,3
1,DeathDescription.LIFETOTAL,11,29.827117919921875,6,5,3,5
0,DeathDescription.LIFETOTAL,10,21.48127555847168,6,3,5,2
1,DeathDescription.LIFETOTAL,11,32.74703025817871,4,4,0,5
0,DeathDescription.LIFETOTAL,10,34.07859802246094,4,5,5,4
0,DeathDescription.LIFETOTAL,12,39.517879486083984,6,1,5,0
0,DeathDescription.LIFETOTAL,10,32.774925231933594,5,4,5,4
0,DeathDescription.LIFETOTAL,10,22.675752639770508,6,5,5,4
0,DeathDescription.LIFETOTAL,10,28.141260147094727,4,5,5,4
1,DeathDescription.LIFETOTAL,11,22.563934326171875,6,6,0,5
1,DeathDescription.LIFETOTAL,11,50.0028133392334,6,6,4,6
0,DeathDescription.LIFETOTAL,14,34.353017807006836,4,5,4,0
0,DeathDescription.LIFETOTAL,12,30.542373657226562,7,6,4,3
1,DeathDescription.LIFETOTAL,11,35.650014877319336,6,6,5,4
0,DeathDescription.LIFETOTAL,10,32.502174377441406,4,5,5,3
0,DeathDescription.LIFETOTAL,12,25.386571884155273,6,5,6,4
0,DeathDescription.LIFETOTAL,10,43.935298919677734,5,5,5,3
1,DeathDescription.LIFETOTAL,11,27.770042419433594,4,4,3,5
0,DeathDescription.LIFETOTAL,10,41.602134704589844,6,4,5,3
0,DeathDescription.LIFETOTAL,10,32.51957893371582,6,5,3,4
1,DeathDescription.LIFETOTAL,11,31.5399169921875,3,6,4,5
1,DeathDescription.LIFETOTAL,11,49.48902130126953,6,3,3,5
0,DeathDescription.LIFETOTAL,10,26.658058166503906,6,5,5,4
1,DeathDescription.LIFETOTAL,11,21.924734115600586,6,4,4,5
0,DeathDescription.LIFETOTAL,10,38.68699073791504,4,5,5,4
0,DeathDescription.LIFETOTAL,10,38.66982460021973,6,5,5,5
0,DeathDescription.LIFETOTAL,10,25.75540542602539,5,3,5,2
0,DeathDescription.LIFETOTAL,10,19.527912139892578,4,5,5,4
1,DeathDescription.LIFETOTAL,11,33.56671333312988,2,5,2,4
1,DeathDescription.LIFETOTAL,11,28.205156326293945,6,6,3,4
1,DeathDescription.LIFETOTAL,11,28.147220611572266,6,3,2,5
1,DeathDescription.LIFETOTAL,11,43.149471282958984,3,6,3,6
1,DeathDescription.LIFETOTAL,13,42.014360427856445,7,7,3,5
1,DeathDescription.LIFETOTAL,11,23.50592613220215,5,4,2,5
0,DeathDescription.LIFETOTAL,10,58.17079544067383,5,5,5,4
0,DeathDescription.LIFETOTAL,12,49.139976501464844,7,6,4,5
0,DeathDescription.LIFETOTAL,12,48.17986488342285,4,6,5,0
0,DeathDescription.LIFETOTAL,14,42.185306549072266,8,3,6,3
1,DeathDescription.LIFETOTAL,11,23.052692413330078,3,4,2,6
0,DeathDescription.LIFETOTAL,10,33.734798431396484,6,4,5,4
1,DeathDescription.LIFETOTAL,11,24.06454086303711,6,6,2,4
0,DeathDescription.LIFETOTAL,10,38.0711555480957,6,5,5,3
1,DeathDescription.LIFETOTAL,11,46.19193077087402,6,6,3,5
0,DeathDescription.LIFETOTAL,10,46.7531681060791,6,5,5,4
0,DeathDescription.LIFETOTAL,12,31.202077865600586,7,6,5,4
1,DeathDescription.LIFETOTAL,11,24.58024024963379,6,6,4,5
1,DeathDescription.LIFETOTAL,11,44.9976921081543,6,6,3,5
0,DeathDescription.LIFETOTAL,10,36.25226020812988,4,5,5,4
0,DeathDescription.LIFETOTAL,10,23.73027801513672,6,5,6,2
1,DeathDescription.LIFETOTAL,11,36.8654727935791,6,5,4,5
1,DeathDescription.LIFETOTAL,11,32.889604568481445,4,4,3,5
0,DeathDescription.LIFETOTAL,12,33.48493576049805,5,6,5,3
0,DeathDescription.LIFETOTAL,12,43.836116790771484,6,4,5,4
0,DeathDescription.LIFETOTAL,10,28.81598472595215,4,4,5,3
0,DeathDescription.LIFETOTAL,12,24.947643280029297,6,6,6,0
0,DeathDescription.LIFETOTAL,12,30.54189682006836,7,6,5,2
1,DeathDescription.LIFETOTAL,11,36.57841682434082,6,5,4,4
1,DeathDescription.LIFETOTAL,13,27.216672897338867,3,4,3,5
1,DeathDescription.LIFETOTAL,11,29.9680233001709,5,5,4,4
1,DeathDescription.LIFETOTAL,13,31.352996826171875,5,7,2,6
0,DeathDescription.LIFETOTAL,10,32.76562690734863,5,5,4,5
1,DeathDescription.LIFETOTAL,15,32.982587814331055,3,5,0,5
0,DeathDescription.LIFETOTAL,10,28.234481811523438,6,5,6,2
0,DeathDescription.LIFETOTAL,10,41.43953323364258,6,5,5,2
0,DeathDescription.LIFETOTAL,10,33.99825096130371,4,3,5,3
0,DeathDescription.LIFETOTAL,10,26.371479034423828,4,5,5,3
0,DeathDescription.LIFETOTAL,12,28.661727905273438,6,5,4,2
0,DeathDescription.LIFETOTAL,12,39.25681114196777,7,6,5,2
1,DeathDescription.LIFETOTAL,11,36.45682334899902,3,5,0,6
1,DeathDescription.LIFETOTAL,11,29.76059913635254,6,6,4,4
1,DeathDescription.LIFETOTAL,11,22.05657958984375,5,6,3,7
1,DeathDescription.LIFETOTAL,13,36.21959686279297,7,6,4,6
0,DeathDescription.LIFETOTAL,10,38.64312171936035,6,5,4,4
0,DeathDescription.LIFETOTAL,10,32.79590606689453,5,5,5,3
0,DeathDescription.LIFETOTAL,10,32.78326988220215,4,5,5,4
0,DeathDescription.LIFETOTAL,10,21.576404571533203,4,5,5,4
0,DeathDescription.LIFETOTAL,10,45.69530487060547,4,5,5,3
1,DeathDescription.LIFETOTAL,11,22.269725799560547,6,6,4,5
0,DeathDescription.LIFETOTAL,12,24.016618728637695,4,6,5,5
1,DeathDescription.LIFETOTAL,11,28.27000617980957,6,6,5,5
0,DeathDescription.LIFETOTAL,12,44.840335845947266,5,6,5,4
0,DeathDescription.LIFETOTAL,10,21.169662475585938,6,5,4,3
0,DeathDescription.LIFETOTAL,10,32.57346153259277,4,5,5,3
0,DeathDescription.LIFETOTAL,10,31.33559226989746,6,5,5,4
0,DeathDescription.LIFETOTAL,14,28.0759334564209,7,6,6,1
0,DeathDescription.LIFETOTAL,10,27.801513671875,6,5,5,3
1,DeathDescription.LIFETOTAL,11,30.48110008239746,5,4,4,5
0,DeathDescription.LIFETOTAL,10,32.26900100708008,4,4,5,4
1,DeathDescription.LIFETOTAL,11,30.662059783935547,6,6,4,5
0,DeathDescription.LIFETOTAL,12,35.269737243652344,7,6,4,4
0,DeathDescription.LIFETOTAL,12,43.95747184753418,4,6,5,5
0,DeathDescription.LIFETOTAL,10,25.267601013183594,6,5,4,3
1,DeathDescription.LIFETOTAL,11,45.563459396362305,6,5,3,5
1,DeathDescription.LIFETOTAL,13,29.46329116821289,6,7,4,7
1,DeathDescription.LIFETOTAL,11,21.95572853088379,6,5,4,5
0,DeathDescription.LIFETOTAL,10,31.31842613220215,6,5,4,3
0,DeathDescription.LIFETOTAL,10,29.58369255065918,4,4,5,4
0,DeathDescription.LIFETOTAL,10,28.227806091308594,6,5,4,2
1,DeathDescription.LIFETOTAL,11,34.41596031188965,6,4,2,5
0,DeathDescription.LIFETOTAL,10,28.15699577331543,5,5,6,3
0,DeathDescription.LIFETOTAL,10,38.90037536621094,5,5,5,5
0,DeathDescription.LIFETOTAL,10,21.983623504638672,5,3,5,3
0,DeathDescription.LIFETOTAL,10,29.430389404296875,4,5,5,5
0,DeathDescription.LIFETOTAL,10,27.8623104095459,6,5,5,3
0,DeathDescription.LIFETOTAL,10,29.023408889770508,6,4,4,3
0,DeathDescription.LIFETOTAL,10,33.09321403503418,4,5,5,1
0,DeathDescription.LIFETOTAL,12,38.779497146606445,7,6,4,4
0,DeathDescription.LIFETOTAL,10,19.754648208618164,4,5,4,5
0,DeathDescription.LIFETOTAL,10,38.266658782958984,4,5,5,4
0,DeathDescription.LIFETOTAL,10,21.388530731201172,5,5,6,5
1,DeathDescription.LIFETOTAL,11,23.25725555419922,6,5,3,6
0,DeathDescription.LIFETOTAL,10,26.755809783935547,6,3,5,0
0,DeathDescription.LIFETOTAL,10,45.633792877197266,6,5,5,4
0,DeathDescription.LIFETOTAL,10,37.27269172668457,5,4,5,4
1,DeathDescription.LIFETOTAL,11,27.96769142150879,4,5,3,5
0,DeathDescription.LIFETOTAL,10,31.685352325439453,5,5,5,2
0,DeathDescription.LIFETOTAL,10,32.61113166809082,5,5,5,3
0,DeathDescription.LIFETOTAL,12,39.95776176452637,5,5,5,5
0,DeathDescription.LIFETOTAL,12,29.386281967163086,7,5,4,3
0,DeathDescription.LIFETOTAL,10,27.67491340637207,6,5,5,5
1,DeathDescription.LIFETOTAL,11,38.83552551269531,5,4,5,5
0,DeathDescription.LIFETOTAL,10,30.46870231628418,3,2,5,0
1,DeathDescription.LIFETOTAL,13,23.259878158569336,5,5,5,6
1,DeathDescription.LIFETOTAL,11,27.965784072875977,5,6,4,5
0,DeathDescription.LIFETOTAL,10,34.70039367675781,5,5,6,4
1,DeathDescription.LIFETOTAL,15,26.298999786376953,5,5,4,4
1,DeathDescription.LIFETOTAL,11,21.17323875427246,6,6,0,5
0,DeathDescription.LIFETOTAL,10,19.394397735595703,4,5,5,4
1,DeathDescription.LIFETOTAL,11,45.652151107788086,5,6,0,5
0,DeathDescription.LIFETOTAL,10,21.968364715576172,6,4,5,3
0,DeathDescription.LIFETOTAL,10,20.528316497802734,5,5,5,5
0,DeathDescription.LIFETOTAL,10,27.536869049072266,6,5,4,4
0,DeathDescription.LIFETOTAL,10,32.65786170959473,5,5,5,4
0,DeathDescription.LIFETOTAL,10,28.766632080078125,6,5,6,4
1,DeathDescription.LIFETOTAL,13,35.906076431274414,3,7,0,6
0,DeathDescription.LIFETOTAL,14,32.2878360748291,8,5,3,4
0,DeathDescription.LIFETOTAL,12,39.22080993652344,3,6,5,5
1,DeathDescription.LIFETOTAL,11,29.050111770629883,6,6,3,6
1,DeathDescription.LIFETOTAL,11,27.784347534179688,5,6,4,5
0,DeathDescription.LIFETOTAL,10,26.549577713012695,4,3,5,0
1,DeathDescription.LIFETOTAL,11,24.999618530273438,6,6,4,5
1,DeathDescription.LIFETOTAL,11,28.529644012451172,6,6,3,4
0,DeathDescription.LIFETOTAL,10,23.952960968017578,5,5,5,3
1,DeathDescription.LIFETOTAL,13,47.899484634399414,3,6,4,6
0,DeathDescription.LIFETOTAL,12,34.01756286621094,4,6,6,4
1,DeathDescription.LIFETOTAL,11,51.30457878112793,6,4,4,5
0,DeathDescription.LIFETOTAL,14,27.747392654418945,2,6,5,3
0,DeathDescription.LIFETOTAL,10,26.29566192626953,5,5,5,4
0,DeathDescription.LIFETOTAL,10,34.481048583984375,4,5,5,4
1,DeathDescription.LIFETOTAL,11,23.55813980102539,6,6,5,4
0,DeathDescription.LIFETOTAL,10,26.839017868041992,6,4,4,4
0,DeathDescription.LIFETOTAL,12,28.200149536132812,7,6,5,4
0,DeathDescription.LIFETOTAL,10,39.83807563781738,6,5,4,4
1,DeathDescription.LIFETOTAL,11,33.56146812438965,6,6,4,4
1,DeathDescription.LIFETOTAL,11,27.106285095214844,6,6,2,5
0,DeathDescription.LIFETOTAL,10,21.206140518188477,6,5,5,3
1,DeathDescription.LIFETOTAL,11,30.301570892333984,6,5,3,4
0,DeathDescription.LIFETOTAL,10,28.241872787475586,6,5,5,4
0,DeathDescription.LIFETOTAL,12,26.462554931640625,7,6,5,5
1,DeathDescription.LIFETOTAL,11,22.949934005737305,5,6,4,4
1,DeathDescription.LIFETOTAL,11,33.96153450012207,6,5,4,6
0,DeathDescription.LIFETOTAL,10,26.102781295776367,5,3,5,4
1,DeathDescription.LIFETOTAL,11,22.19533920288086,6,6,3,4
0,DeathDescription.LIFETOTAL,12,29.412269592285156,7,5,5,4
0,DeathDescription.LIFETOTAL,12,28.81646156311035,4,6,6,5
0,DeathDescription.LIFETOTAL,10,28.96738052368164,6,5,5,4
0,DeathDescription.LIFETOTAL,10,56.122541427612305,5,3,5,0
0,DeathDescription.LIFETOTAL,12,33.96940231323242,6,6,7,5
0,DeathDescription.LIFETOTAL,12,27.431726455688477,6,5,6,3
1,DeathDescription.LIFETOTAL,11,27.05669403076172,3,3,3,5
1,DeathDescription.LIFETOTAL,13,23.884057998657227,3,7,0,5
1,DeathDescription.LIFETOTAL,11,44.09933090209961,5,5,3,5
0,DeathDescription.LIFETOTAL,10,33.594608306884766,6,4,5,4
1,DeathDescription.LIFETOTAL,11,32.71746635437012,5,6,4,5
1,DeathDescription.LIFETOTAL,13,34.433841705322266,7,4,3,5
0,DeathDescription.LIFETOTAL,10,26.38840675354004,4,4,4,4
0,DeathDescription.LIFETOTAL,12,31.277179718017578,7,5,5,4
0,DeathDescription.LIFETOTAL,12,25.736331939697266,6,5,7,3
0,DeathDescription.LIFETOTAL,10,32.72247314453125,4,4,5,4
1,DeathDescription.LIFETOTAL,19,34.22379493713379,5,6,4,4
0,DeathDescription.LIFETOTAL,10,48.96736145019531,4,3,5,4
0,DeathDescription.LIFETOTAL,12,49.468994140625,5,5,6,4
0,DeathDescription.LIFETOTAL,10,31.840085983276367,6,5,4,4
0,DeathDescription.LIFETOTAL,10,25.82263946533203,5,5,5,3
1,DeathDescription.LIFETOTAL,11,47.719717025756836,6,6,5,5
0,DeathDescription.LIFETOTAL,10,43.23434829711914,5,4,6,2
0,DeathDescription.LIFETOTAL,10,32.19437599182129,6,4,4,5
0,DeathDescription.LIFETOTAL,12,33.88619422912598,4,4,5,4
0,DeathDescription.LIFETOTAL,12,32.351016998291016,4,6,6,5
1,DeathDescription.LIFETOTAL,11,28.77974510192871,6,3,3,5
1,DeathDescription.LIFETOTAL,11,21.96216583251953,2,5,0,4
0,DeathDescription.LIFETOTAL,10,26.928424835205078,4,4,5,2
0,DeathDescription.LIFETOTAL,10,39.65353965759277,6,3,6,3
1,DeathDescription.LIFETOTAL,13,29.670238494873047,4,7,2,6
0,DeathDescription.LIFETOTAL,10,21.869421005249023,4,5,5,4
0,DeathDescription.LIFETOTAL,10,26.255130767822266,6,5,5,3
1,DeathDescription.LIFETOTAL,11,31.041860580444336,4,6,4,6
1,DeathDescription.LIFETOTAL,13,26.803016662597656,5,5,1,6
1,DeathDescription.LIFETOTAL,11,23.39458465576172,6,4,3,5
1,DeathDescription.LIFETOTAL,11,24.669170379638672,6,6,4,4
0,DeathDescription.LIFETOTAL,12,38.763999938964844,6,5,4,5
0,DeathDescription.LIFETOTAL,10,22.745370864868164,6,5,3,3
0,DeathDescription.LIFETOTAL,10,31.43787384033203,6,5,5,0
0,DeathDescription.LIFETOTAL,10,26.72290802001953,5,4,6,5
0,DeathDescription.LIFETOTAL,10,34.53493118286133,6,4,5,5
1,DeathDescription.LIFETOTAL,11,37.558555603027344,5,6,5,5
0,DeathDescription.LIFETOTAL,10,32.20987319946289,6,5,3,5
0,DeathDescription.LIFETOTAL,10,21.081924438476562,3,5,3,4
0,DeathDescription.LIFETOTAL,10,33.356666564941406,6,5,5,4
0,DeathDescription.LIFETOTAL,10,21.12293243408203,5,3,5,3
0,DeathDescription.LIFETOTAL,10,26.20244026184082,6,5,4,4
0,DeathDescription.LIFETOTAL,10,27.434349060058594,5,5,5,4
0,DeathDescription.LIFETOTAL,12,40.58074951171875,7,6,5,3
0,DeathDescription.LIFETOTAL,10,26.61871910095215,6,4,5,4
0,DeathDescription.LIFETOTAL,10,22.09329605102539,6,5,4,3
0,DeathDescription.LIFETOTAL,10,21.327972412109375,5,5,5,4
0,DeathDescription.LIFETOTAL,12,40.172576904296875,6,4,4,0
1,DeathDescription.LIFETOTAL,11,26.2906551361084,5,4,5,5
0,DeathDescription.LIFETOTAL,12,40.18378257751465,6,6,5,6
1,DeathDescription.LIFETOTAL,11,47.93977737426758,3,6,4,4
0,DeathDescription.LIFETOTAL,10,52.67453193664551,4,5,5,1
1,DeathDescription.LIFETOTAL,11,21.671056747436523,6,5,3,5
0,DeathDescription.LIFETOTAL,10,29.943227767944336,6,1,5,0
0,DeathDescription.LIFETOTAL,10,20.98369598388672,5,5,5,4
1,DeathDescription.LIFETOTAL,11,30.138015747070312,6,6,1,5
0,DeathDescription.LIFETOTAL,10,28.027772903442383,6,5,4,4
0,DeathDescription.LIFETOTAL,10,26.23152732849121,4,5,6,4
0,DeathDescription.LIFETOTAL,10,33.956289291381836,6,5,4,5
0,DeathDescription.LIFETOTAL,10,46.14663124084473,5,5,5,1
1,DeathDescription.LIFETOTAL,11,26.57794952392578,3,6,0,5
1,DeathDescription.LIFETOTAL,13,33.04743766784668,6,6,2,6
1,DeathDescription.LIFETOTAL,11,32.47833251953125,6,6,4,4
1,DeathDescription.LIFETOTAL,11,33.606529235839844,6,6,4,6
0,DeathDescription.LIFETOTAL,10,42.1903133392334,5,5,4,4
0,DeathDescription.LIFETOTAL,10,42.65165328979492,6,5,5,4
0,DeathDescription.LIFETOTAL,10,26.57938003540039,6,5,4,3
0,DeathDescription.LIFETOTAL,10,30.878782272338867,5,5,4,0
1,DeathDescription.LIFETOTAL,11,22.110462188720703,6,6,4,5
1,DeathDescription.LIFETOTAL,11,40.04812240600586,5,5,3,6
1,DeathDescription.LIFETOTAL,11,28.08237075805664,5,6,4,5
0,DeathDescription.LIFETOTAL,12,40.78483581542969,5,6,5,4
1,DeathDescription.LIFETOTAL,11,33.56742858886719,6,6,4,5
1,DeathDescription.LIFETOTAL,11,35.87484359741211,4,6,0,5
0,DeathDescription.LIFETOTAL,10,19.51432228088379,4,5,5,3
1,DeathDescription.LIFETOTAL,11,32.697200775146484,4,6,0,5
1,DeathDescription.LIFETOTAL,11,34.18612480163574,6,6,5,5
0,DeathDescription.LIFETOTAL,12,34.68441963195801,5,6,5,4
0,DeathDescription.LIFETOTAL,10,32.5465202331543,6,5,4,2
0,DeathDescription.LIFETOTAL,12,27.52208709716797,5,6,5,3
1,DeathDescription.LIFETOTAL,11,29.2360782623291,6,6,3,5
1,DeathDescription.LIFETOTAL,11,21.623849868774414,3,6,0,5
1,DeathDescription.LIFETOTAL,13,42.2663688659668,4,7,4,5
0,DeathDescription.LIFETOTAL,12,35.97688674926758,3,5,4,4
0,DeathDescription.LIFETOTAL,10,37.238121032714844,6,5,4,4
1,DeathDescription.LIFETOTAL,11,27.282238006591797,6,5,4,5
0,DeathDescription.LIFETOTAL,10,22.577762603759766,6,5,5,3
1,DeathDescription.LIFETOTAL,11,35.334110260009766,6,4,4,6
1,DeathDescription.LIFETOTAL,11,33.5843563079834,3,6,0,5
0,DeathDescription.LIFETOTAL,10,43.34831237792969,5,5,5,5
0,DeathDescription.LIFETOTAL,12,34.413814544677734,6,6,6,3
1,DeathDescription.LIFETOTAL,15,59.47279930114746,6,6,5,6
1,DeathDescription.LIFETOTAL,13,29.87074851989746,3,6,0,5
1,DeathDescription.LIFETOTAL,11,22.754669189453125,5,4,1,4
0,DeathDescription.LIFETOTAL,12,43.0150032043457,7,6,5,2
0,DeathDescription.LIFETOTAL,10,37.9178524017334,5,5,5,2
1,DeathDescription.LIFETOTAL,11,28.883695602416992,6,6,5,5
1,DeathDescription.LIFETOTAL,13,34.48200225830078,7,7,4,5
1,DeathDescription.LIFETOTAL,11,21.494626998901367,5,5,0,5
0,DeathDescription.LIFETOTAL,10,27.35757827758789,6,5,6,2
0,DeathDescription.LIFETOTAL,10,47.05476760864258,4,5,5,4
0,DeathDescription.LIFETOTAL,14,24.869680404663086,6,5,5,4
1,DeathDescription.LIFETOTAL,11,28.88965606689453,6,4,4,5
0,DeathDescription.LIFETOTAL,10,25.985240936279297,5,5,4,4
1,DeathDescription.LIFETOTAL,13,24.736642837524414,6,5,6,5
1,DeathDescription.LIFETOTAL,11,43.401479721069336,6,4,5,5
0,DeathDescription.LIFETOTAL,10,57.521820068359375,6,5,5,3
1,DeathDescription.LIFETOTAL,11,26.883840560913086,4,4,2,5
0,DeathDescription.LIFETOTAL,10,27.315378189086914,4,5,4,5
1,DeathDescription.LIFETOTAL,13,21.439552307128906,2,7,0,3
1,DeathDescription.LIFETOTAL,11,42.4962043762207,6,5,3,5
0,DeathDescription.LIFETOTAL,12,26.806116104125977,4,5,5,3
0,DeathDescription.LIFETOTAL,10,22.85313606262207,5,5,6,3
0,DeathDescription.LIFETOTAL,10,20.98560333251953,6,4,5,4
0,DeathDescription.LIFETOTAL,10,23.330211639404297,5,5,4,4
1,DeathDescription.LIFETOTAL,13,41.52512550354004,3,6,0,6
0,DeathDescription.LIFETOTAL,14,32.5467586517334,6,7,5,4
1,DeathDescription.LIFETOTAL,11,33.431053161621094,4,5,4,6
0,DeathDescription.LIFETOTAL,10,53.897857666015625,4,5,5,5
1,DeathDescription.LIFETOTAL,11,28.269290924072266,5,4,4,5
0,DeathDescription.LIFETOTAL,10,29.53171730041504,4,5,5,4
0,DeathDescription.LIFETOTAL,10,28.037309646606445,6,5,3,3
1,DeathDescription.LIFETOTAL,13,38.90204429626465,7,7,2,4
1,DeathDescription.LIFETOTAL,13,25.679349899291992,3,5,0,5
0,DeathDescription.LIFETOTAL,10,32.86385536193848,5,5,6,0
0,DeathDescription.LIFETOTAL,10,21.883010864257812,6,4,5,3
1,DeathDescription.LIFETOTAL,11,45.966386795043945,5,4,2,5
1,DeathDescription.LIFETOTAL,11,46.19193077087402,6,6,4,6
1,DeathDescription.LIFETOTAL,13,40.93790054321289,4,7,4,3
1,DeathDescription.LIFETOTAL,11,28.854846954345703,4,6,4,4
0,DeathDescription.LIFETOTAL,10,34.58213806152344,5,3,5,4
1,DeathDescription.LIFETOTAL,15,27.46868133544922,2,8,2,6
1,DeathDescription.LIFETOTAL,13,29.54387664794922,5,4,0,6
